{
  "engine_version": "forge 1.0.0",
  "db_total_exercises": 256,
  "baseline": {
    "label": "Baseline (Cricket/Pace Bowler/Advanced/Strength)",
    "weeks": 8,
    "freq": 3,
    "total_sessions": 24,
    "total_exercise_slots": 144,
    "unique_exercises": 22,
    "uniqueness_ratio": 0.1528,
    "db_exercise_count": 256,
    "variety_score": 0.0859,
    "week_loads": {
      "1": 585.6,
      "2": 576.0,
      "3": 600.0,
      "4": 926.4,
      "5": 763.2,
      "6": 600.0,
      "7": 700.8000000000001,
      "8": 700.8000000000001
    },
    "exercise_ids": [
      "Core-001",
      "Core-002",
      "Core-002",
      "Core-002",
      "Core-002",
      "Core-002",
      "Core-002",
      "Core-002",
      "Core-002",
      "Core-003",
      "Core-004",
      "Core-005",
      "Core-006",
      "Core-007",
      "Core-008",
      "Core-009",
      "Core-011",
      "Core-012",
      "Core-014",
      "Core-016",
      "Core-017",
      "Core-018",
      "Core-020",
      "Core-021",
      "DLHD-006",
      "DLHD-006",
      "DLHD-006",
      "DLHD-006",
      "DLHD-006",
      "DLHD-006",
      "DLHD-006",
      "DLHD-006",
      "DLHD-006",
      "DLHD-006",
      "DLHD-006",
      "DLHD-006",
      "DLHD-006",
      "DLHD-006",
      "DLHD-006",
      "DLHD-006",
      "DLHD-006",
      "DLHD-006",
      "DLHD-006",
      "DLHD-006",
      "DLHD-006",
      "DLHD-006",
      "DLHD-006",
      "DLHD-006",
      "DLKD-007",
      "DLKD-007",
      "DLKD-007",
      "DLKD-007",
      "DLKD-007",
      "DLKD-007",
      "DLKD-007",
      "DLKD-007",
      "DLKD-007",
      "DLKD-007",
      "DLKD-007",
      "DLKD-007",
      "DLKD-007",
      "DLKD-007",
      "DLKD-007",
      "DLKD-007",
      "DLKD-007",
      "DLKD-007",
      "DLKD-007",
      "DLKD-007",
      "DLKD-007",
      "DLKD-007",
      "DLKD-007",
      "DLKD-007",
      "HPull-005",
      "HPull-005",
      "HPull-005",
      "HPull-005",
      "HPull-005",
      "HPull-005",
      "HPull-005",
      "HPull-005",
      "HPull-005",
      "HPull-005",
      "HPull-005",
      "HPull-005",
      "HPull-005",
      "HPull-005",
      "HPull-005",
      "HPull-005",
      "HPull-005",
      "HPull-005",
      "HPull-005",
      "HPull-005",
      "HPull-005",
      "HPull-005",
      "HPull-005",
      "HPull-005",
      "HPush-006",
      "HPush-006",
      "HPush-006",
      "HPush-006",
      "HPush-006",
      "HPush-006",
      "HPush-006",
      "HPush-006",
      "HPush-006",
      "HPush-006",
      "HPush-006",
      "HPush-006",
      "HPush-006",
      "HPush-006",
      "HPush-006",
      "HPush-006",
      "HPush-006",
      "HPush-006",
      "HPush-006",
      "HPush-006",
      "HPush-006",
      "HPush-006",
      "HPush-006",
      "HPush-006",
      "VPush-008",
      "VPush-008",
      "VPush-008",
      "VPush-008",
      "VPush-008",
      "VPush-008",
      "VPush-008",
      "VPush-008",
      "VPush-008",
      "VPush-008",
      "VPush-008",
      "VPush-008",
      "VPush-008",
      "VPush-008",
      "VPush-008",
      "VPush-008",
      "VPush-008",
      "VPush-008",
      "VPush-008",
      "VPush-008",
      "VPush-008",
      "VPush-008",
      "VPush-008",
      "VPush-008"
    ],
    "exercise_names": [
      "Barbell Back Squat",
      "Barbell Bench Press",
      "Barbell Bird Dog",
      "Barbell Overhead Press",
      "Barbell Rollout",
      "Bird Dog",
      "Crunches",
      "Dead Bug",
      "Dead Bug (band)",
      "Dumbbell Row",
      "GHD Sit-Up",
      "Hanging Knee Raise",
      "Hanging Leg Raise",
      "Plank",
      "RDL",
      "Reverse Crunch",
      "Side Plank",
      "Side Plank (reach through)",
      "Side Plank (rotation)",
      "Side Plank Row",
      "Weighted Bird Dog",
      "Weighted Hanging Leg Raise"
    ]
  },
  "q1_week_differentiation": {
    "classification": "Dynamic periodization",
    "weeks_compared": [
      1,
      2,
      3,
      4,
      5,
      6,
      7,
      8
    ],
    "week_detail": {
      "Week 1": [
        "Plank",
        "Side Plank",
        "Hanging Knee Raise",
        "RDL",
        "RDL",
        "RDL",
        "Barbell Back Squat",
        "Barbell Back Squat",
        "Barbell Back Squat",
        "Dumbbell Row",
        "Dumbbell Row",
        "Dumbbell Row",
        "Barbell Bench Press",
        "Barbell Bench Press",
        "Barbell Bench Press",
        "Barbell Overhead Press",
        "Barbell Overhead Press",
        "Barbell Overhead Press"
      ],
      "Week 2": [
        "Dead Bug",
        "Hanging Leg Raise",
        "Weighted Hanging Leg Raise",
        "RDL",
        "RDL",
        "RDL",
        "Barbell Back Squat",
        "Barbell Back Squat",
        "Barbell Back Squat",
        "Dumbbell Row",
        "Dumbbell Row",
        "Dumbbell Row",
        "Barbell Bench Press",
        "Barbell Bench Press",
        "Barbell Bench Press",
        "Barbell Overhead Press",
        "Barbell Overhead Press",
        "Barbell Overhead Press"
      ],
      "Week 3": [
        "Bird Dog",
        "Crunches",
        "Reverse Crunch",
        "RDL",
        "RDL",
        "RDL",
        "Barbell Back Squat",
        "Barbell Back Squat",
        "Barbell Back Squat",
        "Dumbbell Row",
        "Dumbbell Row",
        "Dumbbell Row",
        "Barbell Bench Press",
        "Barbell Bench Press",
        "Barbell Bench Press",
        "Barbell Overhead Press",
        "Barbell Overhead Press",
        "Barbell Overhead Press"
      ],
      "Week 4": [
        "Dead Bug (band)",
        "Side Plank (reach through)",
        "Weighted Bird Dog",
        "RDL",
        "RDL",
        "RDL",
        "Barbell Back Squat",
        "Barbell Back Squat",
        "Barbell Back Squat",
        "Dumbbell Row",
        "Dumbbell Row",
        "Dumbbell Row",
        "Barbell Bench Press",
        "Barbell Bench Press",
        "Barbell Bench Press",
        "Barbell Overhead Press",
        "Barbell Overhead Press",
        "Barbell Overhead Press"
      ],
      "Week 5": [
        "Barbell Bird Dog",
        "Side Plank (rotation)",
        "GHD Sit-Up",
        "RDL",
        "RDL",
        "RDL",
        "Barbell Back Squat",
        "Barbell Back Squat",
        "Barbell Back Squat",
        "Dumbbell Row",
        "Dumbbell Row",
        "Dumbbell Row",
        "Barbell Bench Press",
        "Barbell Bench Press",
        "Barbell Bench Press",
        "Barbell Overhead Press",
        "Barbell Overhead Press",
        "Barbell Overhead Press"
      ],
      "Week 6": [
        "Plank",
        "Barbell Rollout",
        "Side Plank Row",
        "RDL",
        "RDL",
        "RDL",
        "Barbell Back Squat",
        "Barbell Back Squat",
        "Barbell Back Squat",
        "Dumbbell Row",
        "Dumbbell Row",
        "Dumbbell Row",
        "Barbell Bench Press",
        "Barbell Bench Press",
        "Barbell Bench Press",
        "Barbell Overhead Press",
        "Barbell Overhead Press",
        "Barbell Overhead Press"
      ],
      "Week 7": [
        "Plank",
        "Plank",
        "Plank",
        "RDL",
        "RDL",
        "RDL",
        "Barbell Back Squat",
        "Barbell Back Squat",
        "Barbell Back Squat",
        "Dumbbell Row",
        "Dumbbell Row",
        "Dumbbell Row",
        "Barbell Bench Press",
        "Barbell Bench Press",
        "Barbell Bench Press",
        "Barbell Overhead Press",
        "Barbell Overhead Press",
        "Barbell Overhead Press"
      ],